<?xml version="1.0" encoding="ISO-8859-1"?>
<!DOCTYPE toc PUBLIC "-//Sun Microsystems Inc.//DTD JavaHelp TOC Version 1.0//EN" "http://java.sun.com/products/javahelp/toc_1_0.dtd"><!--generated by JHelpDev Version: 0.27-03/03/04, see jhelpdev.sourceforge.org-->

<toc version="1.0">
 <tocitem text="Main" target="index"/>

 <tocitem text="The Calendar" target="mainscreen"/>

 <tocitem text="Editing Appointments" target="editing"/>

 <tocitem text="ToDo's and the To Do List" target="todo"/>

 <tocitem text="Task Tracking" target="tasktracker"/>

 <tocitem text="Address Book/Birthdays" target="address"/>

 <tocitem text="Databases" target="db"/>

 <tocitem text="Email Reminders" target="email"/>

 <tocitem text="Categories" target="categories"/>

 <tocitem text="Memos" target="memos"/>
 <tocitem text="Internationalization" target="internationalization"/>

 <tocitem text="Options" target="options"/>

 <tocitem text="Pop-Up Reminders" target="popups"/>

 <tocitem text="Searching" target="search"/>

 <tocitem text="Printing" target="printing"/>

 <tocitem text="Import/Export" target="xml"/>

 <tocitem text="Links and Attachments" target="links"/>

 <tocitem text="Encryption" target="encryption"/>
</toc>
